Store Name,Rating,Lat,Long,Address
Whole Foods Market,4.2,38.9961273,-77.0241512,"833 Wayne Ave, Silver Spring, MD 20910, United States"
Whole Foods Market,4.4,38.9691877,-76.9366106,"6621-B Baltimore Ave, Riverdale Park, MD 20737, United States"
Whole Foods Market,4.3,39.0430696,-77.1131376,"11355 Woodglen Dr, Rockville, MD 20852, United States"
Whole Foods Market,4.3,38.9613149,-77.0867545,"4420 Willard Ave, Chevy Chase, MD 20815, United States"
Whole Foods Market,4.1,38.9663166,-77.1041985,"5269 River Rd, Bethesda, MD 20816, United States"
Whole Foods Market,4.3,39.2139367,-76.8557901,"10275 Little Patuxent Pkwy, Columbia, MD 21044, United States"
Whole Foods Market,4.3,39.1226007,-77.237821,"316 Kentlands Blvd, Gaithersburg, MD 20878, United States"
Whole Foods Market Distribution Center,3.5,38.915929,-76.902339,"1905 Clarkson Way, Landover, MD 20785, United States"
Whole Foods Market,4.4,38.9819662,-76.5403334,"200 Harker Pl Ste 100, Annapolis, MD 21401, USA"
Whole Foods Market,4.3,39.2825112,-76.5987055,"711 S Central Ave, Baltimore, MD 21202, United States"
Whole Foods Market,4.3,39.3684185,-76.6498445,"1330 Smith Ave, Baltimore, MD 21209, United States"
MOM's Organic Market,4.7,39.0138761,-76.9199851,"9801 Rhode Island Ave, College Park, MD 20740, United States"
MOM's Organic Market Gaithersburg,4.7,39.1134145,-77.1845173,"10 Upper Rock Cir, Rockville, MD 20850, United States"
MOM's Organic Market,4.7,39.0530188,-77.1122533,"5566 Randolph Rd, Rockville, MD 20852, United States"
MOM's Organic Market,4.7,39.1694572,-76.7851925,"7351 Assateague Dr #190, Jessup, MD 20794, USA"
MOM's Organic Market,4.6,39.3676092,-76.4533999,"5267 Campbell Blvd, Nottingham, MD 21236, USA"
MOM's Organic Market,4.8,38.9824064,-76.7303178,"6824 Race Track Rd, Bowie, MD 20715, United States"
MOM's Organic Market,4.7,38.6221907,-76.9176979,"3301 Plaza Dr, Waldorf, MD 20603, United States"
MOM's Organic Market,4.6,39.3363083,-76.6308361,"711 W 40th St #163, Baltimore, MD 21211, USA"
MOM's Organic Market,4.6,39.4307111,-76.6231647,"20 W Ridgely Rd, Lutherville-Timonium, MD 21093, United States"
MOM's Organic Market,4.3,39.3759284,-77.4127173,"5273 Buckeystown Pike, Frederick, MD 21703, United States"
MOM's Central Store Support,4.6,39.0531438,-77.1122829,"5612 Randolph Rd, Rockville, MD 20852, United States"
Sprouts Farmers Market,4.5,39.27805,-76.82647,"9150 Baltimore National Pike Ste 1, Ellicott City, MD 21042, USA"
Sprouts Farmers Market,4.6,39.2778083,-76.5635841,"3800 Boston St, Baltimore, MD 21224, USA"
Sprouts Farmers Market,4.6,39.39763,-76.584404,"803 Goucher Blvd, Towson, MD 21286, United States"
Sprouts Farmers Market,4.3,39.522533,-76.351654,"680 Marketplace Dr, Bel Air, MD 21014, USA"
Sprouts Farmers Market,4.5,39.12527,-76.59182,"8048 Ritchie Hwy Ste 6B, Pasadena, MD 21122, United States"